<?xml version="1.0" encoding="iso-8859-1"?>
<Customers>
  <Customer>
    <CustomerID>1016</CustomerID>
  </Customer>
  <Customer>
    <Firstname>Sanchit</Firstname>
    <Surname>Sachan</Surname>
    <Email>test@gmail.com</Email>
    <Password>1234567890</Password>
    <CustomerID>1016</CustomerID>
  </Customer>
  <Customer>
    <Firstname>kjd</Firstname>
    <Surname>sad</Surname>
    <Email>ram@gmail.com</Email>
    <Password>1234567890</Password>
    <CustomerID>1017</CustomerID>
  </Customer>
  <Customer>
    <Firstname>kjd</Firstname>
    <Surname>sad</Surname>
    <Email>ramkumar@gmail.com</Email>
    <Password>1234567890</Password>
    <CustomerID>1018</CustomerID>
  </Customer>
  <Customer>
    <Firstname>kjd</Firstname>
    <Surname>sad</Surname>
    <Email>ramsharma@gmail.com</Email>
    <Password>1234567890</Password>
    <CustomerID>1019</CustomerID>
  </Customer>
  <Customer>
    <Firstname>kjd</Firstname>
    <Surname>sad</Surname>
    <Email>ramsharmas@gmail.com</Email>
    <Password>1234567890</Password>
    <CustomerID>1020</CustomerID>
  </Customer>
  <Customer>
    <Firstname>kjd</Firstname>
    <Surname>sad</Surname>
    <Email>ramsharmssas@gmail.com</Email>
    <Password>1234567890</Password>
    <CustomerID>1021</CustomerID>
  </Customer>
  <Customer>
    <Firstname>kjd</Firstname>
    <Surname>sad</Surname>
    <Email>ramshsasarmssas@gmail.com</Email>
    <Password>1234567890</Password>
    <CustomerID>1022</CustomerID>
  </Customer>
  <Customer>
    <Firstname>wee</Firstname>
    <Surname>ewe</Surname>
    <Email>ewe@gmail.com</Email>
    <Password>1234567890</Password>
    <CustomerID>1023</CustomerID>
  </Customer>
  <Customer>
    <Firstname>wee</Firstname>
    <Surname>ewe</Surname>
    <Email>ewesas@gmail.com</Email>
    <Password>1234567890</Password>
    <CustomerID>1024</CustomerID>
  </Customer>
  <Customer>
    <Firstname>wee</Firstname>
    <Surname>ewe</Surname>
    <Email>ewesasass@gmail.com</Email>
    <Password>1234567890</Password>
    <CustomerID>1025</CustomerID>
  </Customer>
  <Customer>
    <Firstname>wee</Firstname>
    <Surname>ewe</Surname>
    <Email>ewesasdsdass@gmail.com</Email>
    <Password>1234567890</Password>
    <CustomerID>1026</CustomerID>
  </Customer>
  <Customer>
    <Firstname>wee</Firstname>
    <Surname>ewe</Surname>
    <Email>ewesassasdsdass@gmail.com</Email>
    <Password>1234567890</Password>
    <CustomerID>1027</CustomerID>
  </Customer>
  <Customer>
    <Firstname>sassa</Firstname>
    <Surname>sas</Surname>
    <Email>Admin@gmail.com</Email>
    <Password>123456789</Password>
    <CustomerID>1028</CustomerID>
  </Customer>
  <Customer>
    <Firstname>sassa</Firstname>
    <Surname>sas</Surname>
    <Email>Admisasn@gmail.com</Email>
    <Password>123456789</Password>
    <CustomerID>1029</CustomerID>
  </Customer>
</Customers>
